id,seq,ANN,CNN,LSTM,DT,KNN,LGBM,NB,RF,SVM,XGB
LS-PTa,FFGSVLKLIPKIL,0.0007393813720690358,0.94997764,0.19181117,1.0,0.3333333333333333,0.9187304663405856,0.0268700441558419,0.5067936507936508,0.38718806348338314,0.83250266
LS-AP1,GFKDLLKGAAKALVKTVLF,0.9405456009236256,0.98226684,0.5974596,0.0,1.0,0.78281312694583,0.9987079213553208,0.6619103835978841,0.5176194115561099,0.5179753
